construct,item_count,n,alpha
空间压迫/训练焦虑,6,32,0.8080258030886759
社交媒体审美内化,3,32,0.7604631918643576
